<ImportExportXml xmlns:xsi="http://www.w3.org/2001/XMLSchema-instance">
  <Entities></Entities>
  <Roles></Roles>
  <Workflows>
    <Workflow WorkflowId="{628918d2-9157-ee11-be6f-000d3acef1e1}" Name="[WN]アイコン一覧を取得">
      <JsonFileName>/Workflows/WN-628918D2-9157-EE11-BE6F-000D3ACEF1E1.json</JsonFileName>
      <Type>1</Type>
      <Subprocess>0</Subprocess>
      <Category>5</Category>
      <Mode>0</Mode>
      <Scope>4</Scope>
      <OnDemand>0</OnDemand>
      <TriggerOnCreate>0</TriggerOnCreate>
      <TriggerOnDelete>0</TriggerOnDelete>
      <AsyncAutodelete>0</AsyncAutodelete>
      <SyncWorkflowLogOnFailure>0</SyncWorkflowLogOnFailure>
      <StateCode>1</StateCode>
      <StatusCode>2</StatusCode>
      <RunAs>1</RunAs>
      <IsTransacted>1</IsTransacted>
      <IntroducedVersion>1.0.0.0</IntroducedVersion>
      <IsCustomizable>1</IsCustomizable>
      <BusinessProcessType>0</BusinessProcessType>
      <IsCustomProcessingStepAllowedForOtherPublishers>1</IsCustomProcessingStepAllowedForOtherPublishers>
      <PrimaryEntity>none</PrimaryEntity>
      <LocalizedNames>
        <LocalizedName languagecode="1041" description="[WN]アイコン一覧を取得" />
      </LocalizedNames>
    </Workflow>
    <Workflow WorkflowId="{c2bccd81-9857-ee11-be6f-000d3acef1e1}" Name="[WN]市区町村一覧を取得">
      <JsonFileName>/Workflows/WN-C2BCCD81-9857-EE11-BE6F-000D3ACEF1E1.json</JsonFileName>
      <Type>1</Type>
      <Subprocess>0</Subprocess>
      <Category>5</Category>
      <Mode>0</Mode>
      <Scope>4</Scope>
      <OnDemand>0</OnDemand>
      <TriggerOnCreate>0</TriggerOnCreate>
      <TriggerOnDelete>0</TriggerOnDelete>
      <AsyncAutodelete>0</AsyncAutodelete>
      <SyncWorkflowLogOnFailure>0</SyncWorkflowLogOnFailure>
      <StateCode>1</StateCode>
      <StatusCode>2</StatusCode>
      <RunAs>1</RunAs>
      <IsTransacted>1</IsTransacted>
      <IntroducedVersion>1.0.0.0</IntroducedVersion>
      <IsCustomizable>1</IsCustomizable>
      <BusinessProcessType>0</BusinessProcessType>
      <IsCustomProcessingStepAllowedForOtherPublishers>1</IsCustomProcessingStepAllowedForOtherPublishers>
      <PrimaryEntity>none</PrimaryEntity>
      <LocalizedNames>
        <LocalizedName languagecode="1041" description="[WN]市区町村一覧を取得" />
      </LocalizedNames>
    </Workflow>
    <Workflow WorkflowId="{6968137b-9b57-ee11-be6f-000d3acef1e1}" Name="[WN]市区町村の天気予報を取得">
      <JsonFileName>/Workflows/WN-6968137B-9B57-EE11-BE6F-000D3ACEF1E1.json</JsonFileName>
      <Type>1</Type>
      <Subprocess>0</Subprocess>
      <Category>5</Category>
      <Mode>0</Mode>
      <Scope>4</Scope>
      <OnDemand>0</OnDemand>
      <TriggerOnCreate>0</TriggerOnCreate>
      <TriggerOnDelete>0</TriggerOnDelete>
      <AsyncAutodelete>0</AsyncAutodelete>
      <SyncWorkflowLogOnFailure>0</SyncWorkflowLogOnFailure>
      <StateCode>1</StateCode>
      <StatusCode>2</StatusCode>
      <RunAs>1</RunAs>
      <IsTransacted>1</IsTransacted>
      <IntroducedVersion>1.0.0.0</IntroducedVersion>
      <IsCustomizable>1</IsCustomizable>
      <BusinessProcessType>0</BusinessProcessType>
      <IsCustomProcessingStepAllowedForOtherPublishers>1</IsCustomProcessingStepAllowedForOtherPublishers>
      <PrimaryEntity>none</PrimaryEntity>
      <LocalizedNames>
        <LocalizedName languagecode="1041" description="[WN]市区町村の天気予報を取得" />
      </LocalizedNames>
    </Workflow>
    <Workflow WorkflowId="{8f55bc09-2f58-ee11-be6f-000d3acef1e1}" Name="[TJ]アイコン一覧を取得">
      <JsonFileName>/Workflows/TJ-8F55BC09-2F58-EE11-BE6F-000D3ACEF1E1.json</JsonFileName>
      <Type>1</Type>
      <Subprocess>0</Subprocess>
      <Category>5</Category>
      <Mode>0</Mode>
      <Scope>4</Scope>
      <OnDemand>0</OnDemand>
      <TriggerOnCreate>0</TriggerOnCreate>
      <TriggerOnDelete>0</TriggerOnDelete>
      <AsyncAutodelete>0</AsyncAutodelete>
      <SyncWorkflowLogOnFailure>0</SyncWorkflowLogOnFailure>
      <StateCode>1</StateCode>
      <StatusCode>2</StatusCode>
      <RunAs>1</RunAs>
      <IsTransacted>1</IsTransacted>
      <IntroducedVersion>1.0.0.0</IntroducedVersion>
      <IsCustomizable>1</IsCustomizable>
      <BusinessProcessType>0</BusinessProcessType>
      <IsCustomProcessingStepAllowedForOtherPublishers>1</IsCustomProcessingStepAllowedForOtherPublishers>
      <PrimaryEntity>none</PrimaryEntity>
      <LocalizedNames>
        <LocalizedName languagecode="1041" description="[TJ]アイコン一覧を取得" />
      </LocalizedNames>
    </Workflow>
    <Workflow WorkflowId="{47c7228e-3e58-ee11-be6f-000d3acef1e1}" Name="[TJ]市区町村一覧を取得">
      <JsonFileName>/Workflows/TJ-47C7228E-3E58-EE11-BE6F-000D3ACEF1E1.json</JsonFileName>
      <Type>1</Type>
      <Subprocess>0</Subprocess>
      <Category>5</Category>
      <Mode>0</Mode>
      <Scope>4</Scope>
      <OnDemand>0</OnDemand>
      <TriggerOnCreate>0</TriggerOnCreate>
      <TriggerOnDelete>0</TriggerOnDelete>
      <AsyncAutodelete>0</AsyncAutodelete>
      <SyncWorkflowLogOnFailure>0</SyncWorkflowLogOnFailure>
      <StateCode>1</StateCode>
      <StatusCode>2</StatusCode>
      <RunAs>1</RunAs>
      <IsTransacted>1</IsTransacted>
      <IntroducedVersion>1.0.0.0</IntroducedVersion>
      <IsCustomizable>1</IsCustomizable>
      <BusinessProcessType>0</BusinessProcessType>
      <IsCustomProcessingStepAllowedForOtherPublishers>1</IsCustomProcessingStepAllowedForOtherPublishers>
      <PrimaryEntity>none</PrimaryEntity>
      <LocalizedNames>
        <LocalizedName languagecode="1041" description="[TJ]市区町村一覧を取得" />
      </LocalizedNames>
    </Workflow>
    <Workflow WorkflowId="{0261fcd9-4458-ee11-be6f-000d3acef1e1}" Name="[TJ]市区町村の天気予報を取得">
      <JsonFileName>/Workflows/TJ-0261FCD9-4458-EE11-BE6F-000D3ACEF1E1.json</JsonFileName>
      <Type>1</Type>
      <Subprocess>0</Subprocess>
      <Category>5</Category>
      <Mode>0</Mode>
      <Scope>4</Scope>
      <OnDemand>0</OnDemand>
      <TriggerOnCreate>0</TriggerOnCreate>
      <TriggerOnDelete>0</TriggerOnDelete>
      <AsyncAutodelete>0</AsyncAutodelete>
      <SyncWorkflowLogOnFailure>0</SyncWorkflowLogOnFailure>
      <StateCode>1</StateCode>
      <StatusCode>2</StatusCode>
      <RunAs>1</RunAs>
      <IsTransacted>1</IsTransacted>
      <IntroducedVersion>1.0.0.0</IntroducedVersion>
      <IsCustomizable>1</IsCustomizable>
      <BusinessProcessType>0</BusinessProcessType>
      <IsCustomProcessingStepAllowedForOtherPublishers>1</IsCustomProcessingStepAllowedForOtherPublishers>
      <PrimaryEntity>none</PrimaryEntity>
      <LocalizedNames>
        <LocalizedName languagecode="1041" description="[TJ]市区町村の天気予報を取得" />
      </LocalizedNames>
    </Workflow>
  </Workflows>
  <FieldSecurityProfiles></FieldSecurityProfiles>
  <Templates />
  <EntityMaps />
  <EntityRelationships />
  <OrganizationSettings />
  <optionsets />
  <CustomControls />
  <EntityDataProviders />
  <CanvasApps>
    <CanvasApp>
      <Name>ya_wn_f3171</Name>
      <AppVersion>2023-09-21T11:06:48Z</AppVersion>
      <Status>Ready</Status>
      <CreatedByClientVersion>3.23092.13.0</CreatedByClientVersion>
      <MinClientVersion>3.23092.13.0</MinClientVersion>
      <Tags>{"primaryDeviceWidth":"1366","primaryDeviceHeight":"768","supportsPortrait":"true","supportsLandscape":"true","primaryFormFactor":"Tablet","showStatusBar":"false","publisherVersion":"3.23092.13","minimumRequiredApiVersion":"2.2.0","hasComponent":"false","hasUnlockedComponent":"false","isUnifiedRootApp":"false","sienaVersion":"20230921T044710Z-3.23092.13.0"}</Tags>
      <IsCdsUpgraded>0</IsCdsUpgraded>
      <GalleryItemId xsi:nil="true"></GalleryItemId>
      <BackgroundColor>rgba(255, 255, 255, 1)</BackgroundColor>
      <DisplayName>WN</DisplayName>
      <Description xsi:nil="true"></Description>
      <CommitMessage xsi:nil="true"></CommitMessage>
      <Publisher xsi:nil="true"></Publisher>
      <AuthorizationReferences>[]</AuthorizationReferences>
      <ConnectionReferences>{"67f05b3c-27d6-40a0-b74f-6cb69d45da4f":{"id":"/providers/microsoft.powerapps/apis/shared_logicflows","displayName":"ロジック フロー","iconUri":"https://connectoricons-prod.azureedge.net/releases/v1.0.1653/1.0.1653.3403/logicflows/icon.png","dataSources":["[WN]アイコン一覧を取得"],"dependencies":[],"dependents":[],"parameterHints":{"workflowName":{"value":"e426cb95-cf1f-448b-9d1a-d44060a04c66"},"workflowEntityId":{"value":"628918d2-9157-ee11-be6f-000d3acef1e1"}},"parameterHintsV2":{"workflowName":{"value":"e426cb95-cf1f-448b-9d1a-d44060a04c66"},"workflowEntityId":{"value":"628918d2-9157-ee11-be6f-000d3acef1e1"}},"isOnPremiseConnection":false,"bypassConsent":false,"dataSets":{},"apiTier":"Standard","actions":["Run"]},"05552509-9d85-4c37-8aaf-782be2faae02":{"id":"/providers/microsoft.powerapps/apis/shared_logicflows","displayName":"ロジック フロー","iconUri":"https://connectoricons-prod.azureedge.net/releases/v1.0.1653/1.0.1653.3403/logicflows/icon.png","dataSources":["[WN]市区町村一覧を取得"],"dependencies":[],"dependents":[],"parameterHints":{"workflowName":{"value":"b9e544d1-f594-456b-9eef-e2ec160edadc"},"workflowEntityId":{"value":"c2bccd81-9857-ee11-be6f-000d3acef1e1"}},"parameterHintsV2":{"workflowName":{"value":"b9e544d1-f594-456b-9eef-e2ec160edadc"},"workflowEntityId":{"value":"c2bccd81-9857-ee11-be6f-000d3acef1e1"}},"isOnPremiseConnection":false,"bypassConsent":false,"dataSets":{},"apiTier":"Standard","actions":["Run"]},"697bea0e-0663-41a1-8844-83f7608b12e0":{"id":"/providers/microsoft.powerapps/apis/shared_logicflows","displayName":"ロジック フロー","iconUri":"https://connectoricons-prod.azureedge.net/releases/v1.0.1653/1.0.1653.3403/logicflows/icon.png","dataSources":["[WN]市区町村の天気予報を取得"],"dependencies":[],"dependents":[],"parameterHints":{"workflowName":{"value":"a4aa6dc4-3e7a-416c-a3c5-69da38176828"},"workflowEntityId":{"value":"6968137b-9b57-ee11-be6f-000d3acef1e1"}},"parameterHintsV2":{"workflowName":{"value":"a4aa6dc4-3e7a-416c-a3c5-69da38176828"},"workflowEntityId":{"value":"6968137b-9b57-ee11-be6f-000d3acef1e1"}},"isOnPremiseConnection":false,"bypassConsent":false,"dataSets":{},"apiTier":"Standard","actions":["Run"]},"cfce621a-b374-47c8-a6fb-0e92ee9b68f7":{"id":"/providers/microsoft.powerapps/apis/shared_logicflows","displayName":"ロジック フロー","iconUri":"https://connectoricons-prod.azureedge.net/releases/v1.0.1653/1.0.1653.3403/logicflows/icon.png","dataSources":["[TJ]アイコン一覧を取得"],"dependencies":[],"dependents":[],"parameterHints":{"workflowName":{"value":"a07fdfdd-6ecc-4fa9-a56c-d23eb1de9bdf"},"workflowEntityId":{"value":"8f55bc09-2f58-ee11-be6f-000d3acef1e1"}},"parameterHintsV2":{"workflowName":{"value":"a07fdfdd-6ecc-4fa9-a56c-d23eb1de9bdf"},"workflowEntityId":{"value":"8f55bc09-2f58-ee11-be6f-000d3acef1e1"}},"isOnPremiseConnection":false,"bypassConsent":false,"dataSets":{},"apiTier":"Standard","actions":["Run"]},"958f7a93-5c4a-4810-91c6-d2b9f655ff59":{"id":"/providers/microsoft.powerapps/apis/shared_logicflows","displayName":"ロジック フロー","iconUri":"https://connectoricons-prod.azureedge.net/releases/v1.0.1653/1.0.1653.3403/logicflows/icon.png","dataSources":["[TJ]市区町村一覧を取得"],"dependencies":[],"dependents":[],"parameterHints":{"workflowName":{"value":"4dfe19fc-bc4b-44b7-9bfc-af8368b7f223"},"workflowEntityId":{"value":"47c7228e-3e58-ee11-be6f-000d3acef1e1"}},"parameterHintsV2":{"workflowName":{"value":"4dfe19fc-bc4b-44b7-9bfc-af8368b7f223"},"workflowEntityId":{"value":"47c7228e-3e58-ee11-be6f-000d3acef1e1"}},"isOnPremiseConnection":false,"bypassConsent":false,"dataSets":{},"apiTier":"Standard","actions":["Run"]},"ea7c6d34-a473-4b42-acfb-a5fa10453c78":{"id":"/providers/microsoft.powerapps/apis/shared_logicflows","displayName":"ロジック フロー","iconUri":"https://connectoricons-prod.azureedge.net/releases/v1.0.1653/1.0.1653.3403/logicflows/icon.png","dataSources":["[TJ]市区町村の天気予報を取得"],"dependencies":[],"dependents":[],"parameterHints":{"workflowName":{"value":"b862c116-0a3e-40ba-9a9f-d63e4d9f3503"},"workflowEntityId":{"value":"0261fcd9-4458-ee11-be6f-000d3acef1e1"}},"parameterHintsV2":{"workflowName":{"value":"b862c116-0a3e-40ba-9a9f-d63e4d9f3503"},"workflowEntityId":{"value":"0261fcd9-4458-ee11-be6f-000d3acef1e1"}},"isOnPremiseConnection":false,"bypassConsent":false,"dataSets":{},"apiTier":"Standard","actions":["Run"]}}</ConnectionReferences>
      <DatabaseReferences>{}</DatabaseReferences>
      <AppComponents>[]</AppComponents>
      <AppComponentDependencies>[]</AppComponentDependencies>
      <CanConsumeAppPass>1</CanConsumeAppPass>
      <CanvasAppType>0</CanvasAppType>
      <BypassConsent>0</BypassConsent>
      <AdminControlBypassConsent>0</AdminControlBypassConsent>
      <EmbeddedApp xsi:nil="true"></EmbeddedApp>
      <IntroducedVersion>1.0</IntroducedVersion>
      <CdsDependencies>{"cdsdependencies":[{"dependencyid":"628918d2-9157-ee11-be6f-000d3acef1e1","componenttype":29,"componenttypeplatformname":"Workflow"},{"dependencyid":"c2bccd81-9857-ee11-be6f-000d3acef1e1","componenttype":29,"componenttypeplatformname":"Workflow"},{"dependencyid":"6968137b-9b57-ee11-be6f-000d3acef1e1","componenttype":29,"componenttypeplatformname":"Workflow"},{"dependencyid":"8f55bc09-2f58-ee11-be6f-000d3acef1e1","componenttype":29,"componenttypeplatformname":"Workflow"},{"dependencyid":"47c7228e-3e58-ee11-be6f-000d3acef1e1","componenttype":29,"componenttypeplatformname":"Workflow"},{"dependencyid":"0261fcd9-4458-ee11-be6f-000d3acef1e1","componenttype":29,"componenttypeplatformname":"Workflow"}]}</CdsDependencies>
      <IsCustomizable>1</IsCustomizable>
      <BackgroundImageUri>/CanvasApps/ya_wn_f3171_BackgroundImageUri</BackgroundImageUri>
      <DocumentUri>/CanvasApps/ya_wn_f3171_DocumentUri.msapp</DocumentUri>
    </CanvasApp>
  </CanvasApps>
  <Languages>
    <Language>1041</Language>
  </Languages>
</ImportExportXml>