<ImportExportXml xmlns:xsi="http://www.w3.org/2001/XMLSchema-instance">
  <Entities></Entities>
  <Roles></Roles>
  <Workflows>
    <Workflow WorkflowId="{628918d2-9157-ee11-be6f-000d3acef1e1}" Name="[WN]アイコン一覧を取得">
      <JsonFileName>/Workflows/WN-628918D2-9157-EE11-BE6F-000D3ACEF1E1.json</JsonFileName>
      <Type>1</Type>
      <Subprocess>0</Subprocess>
      <Category>5</Category>
      <Mode>0</Mode>
      <Scope>4</Scope>
      <OnDemand>0</OnDemand>
      <TriggerOnCreate>0</TriggerOnCreate>
      <TriggerOnDelete>0</TriggerOnDelete>
      <AsyncAutodelete>0</AsyncAutodelete>
      <SyncWorkflowLogOnFailure>0</SyncWorkflowLogOnFailure>
      <StateCode>1</StateCode>
      <StatusCode>2</StatusCode>
      <RunAs>1</RunAs>
      <IsTransacted>1</IsTransacted>
      <IntroducedVersion>1.0.0.0</IntroducedVersion>
      <IsCustomizable>1</IsCustomizable>
      <BusinessProcessType>0</BusinessProcessType>
      <IsCustomProcessingStepAllowedForOtherPublishers>1</IsCustomProcessingStepAllowedForOtherPublishers>
      <PrimaryEntity>none</PrimaryEntity>
      <LocalizedNames>
        <LocalizedName languagecode="1041" description="[WN]アイコン一覧を取得" />
      </LocalizedNames>
    </Workflow>
    <Workflow WorkflowId="{c2bccd81-9857-ee11-be6f-000d3acef1e1}" Name="[WN]市区町村一覧を取得">
      <JsonFileName>/Workflows/WN-C2BCCD81-9857-EE11-BE6F-000D3ACEF1E1.json</JsonFileName>
      <Type>1</Type>
      <Subprocess>0</Subprocess>
      <Category>5</Category>
      <Mode>0</Mode>
      <Scope>4</Scope>
      <OnDemand>0</OnDemand>
      <TriggerOnCreate>0</TriggerOnCreate>
      <TriggerOnDelete>0</TriggerOnDelete>
      <AsyncAutodelete>0</AsyncAutodelete>
      <SyncWorkflowLogOnFailure>0</SyncWorkflowLogOnFailure>
      <StateCode>1</StateCode>
      <StatusCode>2</StatusCode>
      <RunAs>1</RunAs>
      <IsTransacted>1</IsTransacted>
      <IntroducedVersion>1.0.0.0</IntroducedVersion>
      <IsCustomizable>1</IsCustomizable>
      <BusinessProcessType>0</BusinessProcessType>
      <IsCustomProcessingStepAllowedForOtherPublishers>1</IsCustomProcessingStepAllowedForOtherPublishers>
      <PrimaryEntity>none</PrimaryEntity>
      <LocalizedNames>
        <LocalizedName languagecode="1041" description="[WN]市区町村一覧を取得" />
      </LocalizedNames>
    </Workflow>
    <Workflow WorkflowId="{6968137b-9b57-ee11-be6f-000d3acef1e1}" Name="[WN]市区町村の天気予報を取得">
      <JsonFileName>/Workflows/WN-6968137B-9B57-EE11-BE6F-000D3ACEF1E1.json</JsonFileName>
      <Type>1</Type>
      <Subprocess>0</Subprocess>
      <Category>5</Category>
      <Mode>0</Mode>
      <Scope>4</Scope>
      <OnDemand>0</OnDemand>
      <TriggerOnCreate>0</TriggerOnCreate>
      <TriggerOnDelete>0</TriggerOnDelete>
      <AsyncAutodelete>0</AsyncAutodelete>
      <SyncWorkflowLogOnFailure>0</SyncWorkflowLogOnFailure>
      <StateCode>1</StateCode>
      <StatusCode>2</StatusCode>
      <RunAs>1</RunAs>
      <IsTransacted>1</IsTransacted>
      <IntroducedVersion>1.0.0.0</IntroducedVersion>
      <IsCustomizable>1</IsCustomizable>
      <BusinessProcessType>0</BusinessProcessType>
      <IsCustomProcessingStepAllowedForOtherPublishers>1</IsCustomProcessingStepAllowedForOtherPublishers>
      <PrimaryEntity>none</PrimaryEntity>
      <LocalizedNames>
        <LocalizedName languagecode="1041" description="[WN]市区町村の天気予報を取得" />
      </LocalizedNames>
    </Workflow>
  </Workflows>
  <FieldSecurityProfiles></FieldSecurityProfiles>
  <Templates />
  <EntityMaps />
  <EntityRelationships />
  <OrganizationSettings />
  <optionsets />
  <CustomControls />
  <EntityDataProviders />
  <CanvasApps>
    <CanvasApp>
      <Name>ya_wn_f3171</Name>
      <AppVersion>2023-09-21T03:20:18Z</AppVersion>
      <Status>Ready</Status>
      <CreatedByClientVersion>3.23092.13.0</CreatedByClientVersion>
      <MinClientVersion>3.23092.13.0</MinClientVersion>
      <Tags>{"primaryDeviceWidth":"1366","primaryDeviceHeight":"768","supportsPortrait":"true","supportsLandscape":"true","primaryFormFactor":"Tablet","showStatusBar":"false","publisherVersion":"3.23092.13","minimumRequiredApiVersion":"2.2.0","hasComponent":"false","hasUnlockedComponent":"false","isUnifiedRootApp":"false","sienaVersion":"20230920T120519Z-3.23092.13.0"}</Tags>
      <IsCdsUpgraded>0</IsCdsUpgraded>
      <GalleryItemId xsi:nil="true"></GalleryItemId>
      <BackgroundColor>rgba(255, 255, 255, 1)</BackgroundColor>
      <DisplayName>WN</DisplayName>
      <Description xsi:nil="true"></Description>
      <CommitMessage xsi:nil="true"></CommitMessage>
      <Publisher xsi:nil="true"></Publisher>
      <AuthorizationReferences>[]</AuthorizationReferences>
      <ConnectionReferences>{"67f05b3c-27d6-40a0-b74f-6cb69d45da4f":{"id":"/providers/microsoft.powerapps/apis/shared_logicflows","displayName":"ロジック フロー","iconUri":"https://connectoricons-prod.azureedge.net/releases/v1.0.1653/1.0.1653.3403/logicflows/icon.png","dataSources":["[WN]アイコン一覧を取得"],"dependencies":[],"dependents":[],"parameterHints":{"workflowName":{"value":"b551cd1e-aaa8-4894-84c9-d218f4f18e8c"},"workflowEntityId":{"value":"628918d2-9157-ee11-be6f-000d3acef1e1"}},"parameterHintsV2":{"workflowName":{"value":"b551cd1e-aaa8-4894-84c9-d218f4f18e8c"},"workflowEntityId":{"value":"628918d2-9157-ee11-be6f-000d3acef1e1"}},"isOnPremiseConnection":false,"bypassConsent":false,"dataSets":{},"apiTier":"Standard","actions":["Run"]},"05552509-9d85-4c37-8aaf-782be2faae02":{"id":"/providers/microsoft.powerapps/apis/shared_logicflows","displayName":"ロジック フロー","iconUri":"https://connectoricons-prod.azureedge.net/releases/v1.0.1653/1.0.1653.3403/logicflows/icon.png","dataSources":["[WN]市区町村一覧を取得"],"dependencies":[],"dependents":[],"parameterHints":{"workflowName":{"value":"4f138d8a-1219-4dc3-bf41-39806387e477"},"workflowEntityId":{"value":"c2bccd81-9857-ee11-be6f-000d3acef1e1"}},"parameterHintsV2":{"workflowName":{"value":"4f138d8a-1219-4dc3-bf41-39806387e477"},"workflowEntityId":{"value":"c2bccd81-9857-ee11-be6f-000d3acef1e1"}},"isOnPremiseConnection":false,"bypassConsent":false,"dataSets":{},"apiTier":"Standard","actions":["Run"]},"697bea0e-0663-41a1-8844-83f7608b12e0":{"id":"/providers/microsoft.powerapps/apis/shared_logicflows","displayName":"ロジック フロー","iconUri":"https://connectoricons-prod.azureedge.net/releases/v1.0.1653/1.0.1653.3403/logicflows/icon.png","dataSources":["[WN]市区町村の天気予報を取得"],"dependencies":[],"dependents":[],"parameterHints":{"workflowName":{"value":"e17f3826-8384-4648-8871-7a52cfdfbbde"},"workflowEntityId":{"value":"6968137b-9b57-ee11-be6f-000d3acef1e1"}},"parameterHintsV2":{"workflowName":{"value":"e17f3826-8384-4648-8871-7a52cfdfbbde"},"workflowEntityId":{"value":"6968137b-9b57-ee11-be6f-000d3acef1e1"}},"isOnPremiseConnection":false,"bypassConsent":false,"dataSets":{},"apiTier":"Standard","actions":["Run"]}}</ConnectionReferences>
      <DatabaseReferences>{}</DatabaseReferences>
      <AppComponents>[]</AppComponents>
      <AppComponentDependencies>[]</AppComponentDependencies>
      <CanConsumeAppPass>1</CanConsumeAppPass>
      <CanvasAppType>0</CanvasAppType>
      <BypassConsent>0</BypassConsent>
      <AdminControlBypassConsent>0</AdminControlBypassConsent>
      <EmbeddedApp xsi:nil="true"></EmbeddedApp>
      <IntroducedVersion>1.0</IntroducedVersion>
      <CdsDependencies>{"cdsdependencies":[{"dependencyid":"628918d2-9157-ee11-be6f-000d3acef1e1","componenttype":29,"componenttypeplatformname":"Workflow"},{"dependencyid":"c2bccd81-9857-ee11-be6f-000d3acef1e1","componenttype":29,"componenttypeplatformname":"Workflow"},{"dependencyid":"6968137b-9b57-ee11-be6f-000d3acef1e1","componenttype":29,"componenttypeplatformname":"Workflow"}]}</CdsDependencies>
      <IsCustomizable>1</IsCustomizable>
      <BackgroundImageUri>/CanvasApps/ya_wn_f3171_BackgroundImageUri</BackgroundImageUri>
      <DocumentUri>/CanvasApps/ya_wn_f3171_DocumentUri.msapp</DocumentUri>
    </CanvasApp>
  </CanvasApps>
  <Languages>
    <Language>1041</Language>
  </Languages>
</ImportExportXml>