{
  "properties": {
    "connectionReferences": {},
    "definition": {
      "$schema": "https://schema.management.azure.com/providers/Microsoft.Logic/schemas/2016-06-01/workflowdefinition.json#",
      "contentVersion": "1.0.0.0",
      "parameters": {
        "$authentication": {
          "defaultValue": {},
          "type": "SecureObject"
        }
      },
      "triggers": {
        "manual": {
          "metadata": {
            "operationMetadataId": "bbf81b9c-d37f-407d-a81d-a66d5bcb802c"
          },
          "type": "Request",
          "kind": "PowerAppV2",
          "inputs": {
            "schema": {
              "type": "object",
              "properties": {
                "text": {
                  "title": "City",
                  "type": "string",
                  "x-ms-dynamically-added": true,
                  "description": "Cityを指定してください",
                  "x-ms-content-hint": "TEXT"
                }
              },
              "required": [
                "text"
              ]
            }
          }
        }
      },
      "actions": {
        "HTTP": {
          "runAfter": {},
          "metadata": {
            "operationMetadataId": "270ae1b9-af5c-4060-af86-6947c010e76b"
          },
          "type": "Http",
          "inputs": {
            "method": "GET",
            "uri": "https://weather.tsukumijima.net/api/forecast/city/@{triggerBody()['text']}"
          }
        },
        "応答": {
          "runAfter": {
            "HTTP": [
              "Succeeded"
            ]
          },
          "metadata": {
            "operationMetadataId": "72e2f820-c441-4b56-909e-f7583f0ad2fd"
          },
          "type": "Response",
          "kind": "Http",
          "inputs": {
            "statusCode": 200,
            "body": "@body('HTTP')",
            "schema": {
              "type": "object",
              "properties": {
                "publicTime": {
                  "type": "string"
                },
                "publicTimeFormatted": {
                  "type": "string"
                },
                "publishingOffice": {
                  "type": "string"
                },
                "title": {
                  "type": "string"
                },
                "link": {
                  "type": "string"
                },
                "description": {
                  "type": "object",
                  "properties": {
                    "publicTime": {
                      "type": "string"
                    },
                    "publicTimeFormatted": {
                      "type": "string"
                    },
                    "headlineText": {
                      "type": "string"
                    },
                    "bodyText": {
                      "type": "string"
                    },
                    "text": {
                      "type": "string"
                    }
                  }
                },
                "forecasts": {
                  "type": "array",
                  "items": {
                    "type": "object",
                    "properties": {
                      "date": {
                        "type": "string"
                      },
                      "dateLabel": {
                        "type": "string"
                      },
                      "telop": {
                        "type": "string"
                      },
                      "detail": {
                        "type": "object",
                        "properties": {
                          "weather": {
                            "type": "string"
                          },
                          "wind": {
                            "type": "string"
                          },
                          "wave": {}
                        }
                      },
                      "temperature": {
                        "type": "object",
                        "properties": {
                          "min": {
                            "type": "object",
                            "properties": {
                              "celsius": {
                                "type": "string"
                              },
                              "fahrenheit": {
                                "type": "string"
                              }
                            }
                          },
                          "max": {
                            "type": "object",
                            "properties": {
                              "celsius": {
                                "type": "string"
                              },
                              "fahrenheit": {
                                "type": "string"
                              }
                            }
                          }
                        }
                      },
                      "chanceOfRain": {
                        "type": "object",
                        "properties": {
                          "T00_06": {
                            "type": "string"
                          },
                          "T06_12": {
                            "type": "string"
                          },
                          "T12_18": {
                            "type": "string"
                          },
                          "T18_24": {
                            "type": "string"
                          }
                        }
                      },
                      "image": {
                        "type": "object",
                        "properties": {
                          "title": {
                            "type": "string"
                          },
                          "url": {
                            "type": "string"
                          },
                          "width": {
                            "type": "integer"
                          },
                          "height": {
                            "type": "integer"
                          }
                        }
                      }
                    },
                    "required": [
                      "date",
                      "dateLabel",
                      "telop",
                      "detail",
                      "temperature",
                      "chanceOfRain",
                      "image"
                    ]
                  }
                },
                "location": {
                  "type": "object",
                  "properties": {
                    "area": {
                      "type": "string"
                    },
                    "prefecture": {
                      "type": "string"
                    },
                    "district": {
                      "type": "string"
                    },
                    "city": {
                      "type": "string"
                    }
                  }
                },
                "copyright": {
                  "type": "object",
                  "properties": {
                    "title": {
                      "type": "string"
                    },
                    "link": {
                      "type": "string"
                    },
                    "image": {
                      "type": "object",
                      "properties": {
                        "title": {
                          "type": "string"
                        },
                        "link": {
                          "type": "string"
                        },
                        "url": {
                          "type": "string"
                        },
                        "width": {
                          "type": "integer"
                        },
                        "height": {
                          "type": "integer"
                        }
                      }
                    },
                    "provider": {
                      "type": "array",
                      "items": {
                        "type": "object",
                        "properties": {
                          "link": {
                            "type": "string"
                          },
                          "name": {
                            "type": "string"
                          },
                          "note": {
                            "type": "string"
                          }
                        },
                        "required": [
                          "link",
                          "name",
                          "note"
                        ]
                      }
                    }
                  }
                }
              }
            }
          }
        }
      }
    },
    "templateName": ""
  },
  "schemaVersion": "1.0.0.0"
}