{
  "properties": {
    "connectionReferences": {},
    "definition": {
      "$schema": "https://schema.management.azure.com/providers/Microsoft.Logic/schemas/2016-06-01/workflowdefinition.json#",
      "contentVersion": "1.0.0.0",
      "parameters": {
        "$authentication": {
          "defaultValue": {},
          "type": "SecureObject"
        },
        "OwmKey (ya_OwmKey)": {
          "defaultValue": "439d4b804bc8187953eb36d2a8c26a02",
          "type": "String",
          "metadata": {
            "schemaName": "ya_OwmKey"
          }
        }
      },
      "triggers": {
        "manual": {
          "metadata": {
            "operationMetadataId": "53e539f0-8f19-4e5e-803a-e8eb512bd5cd"
          },
          "type": "Request",
          "kind": "PowerAppV2",
          "inputs": {
            "schema": {
              "type": "object",
              "properties": {
                "text": {
                  "title": "CityID",
                  "type": "string",
                  "x-ms-dynamically-added": true,
                  "description": "City IDを指定してください",
                  "x-ms-content-hint": "TEXT"
                }
              },
              "required": [
                "text"
              ]
            }
          }
        }
      },
      "actions": {
        "変数Keyを初期化する": {
          "runAfter": {
            "変数CityIDを初期化する": [
              "Succeeded"
            ]
          },
          "metadata": {
            "operationMetadataId": "d8fd2ca9-c307-46b9-b412-f873464fb26b"
          },
          "type": "InitializeVariable",
          "inputs": {
            "variables": [
              {
                "name": "Key",
                "type": "string",
                "value": "@parameters('OwmKey (ya_OwmKey)')"
              }
            ]
          }
        },
        "条件": {
          "actions": {
            "weather": {
              "runAfter": {},
              "metadata": {
                "operationMetadataId": "33aa295c-98e9-4c58-8271-0ab0c5539506"
              },
              "type": "Http",
              "inputs": {
                "method": "GET",
                "uri": "http://openweathermap.org/data/2.5/weather?id=@{variables('CityID')}&appid=@{variables('Key')}"
              }
            },
            "weatherの解析": {
              "runAfter": {
                "weather": [
                  "Succeeded"
                ]
              },
              "metadata": {
                "operationMetadataId": "8af552a5-3591-4dca-9fec-d7dea5d7ee2c"
              },
              "type": "ParseJson",
              "inputs": {
                "content": "@body('weather')",
                "schema": {
                  "type": "object",
                  "properties": {
                    "coord": {
                      "type": "object",
                      "properties": {
                        "lon": {
                          "type": "number"
                        },
                        "lat": {
                          "type": "number"
                        }
                      }
                    },
                    "weather": {
                      "type": "array",
                      "items": {
                        "type": "object",
                        "properties": {
                          "id": {
                            "type": "integer"
                          },
                          "main": {
                            "type": "string"
                          },
                          "description": {
                            "type": "string"
                          },
                          "icon": {
                            "type": "string"
                          }
                        },
                        "required": [
                          "id",
                          "main",
                          "description",
                          "icon"
                        ]
                      }
                    },
                    "base": {
                      "type": "string"
                    },
                    "main": {
                      "type": "object",
                      "properties": {
                        "temp": {
                          "type": "number"
                        },
                        "feels_like": {
                          "type": "number"
                        },
                        "temp_min": {
                          "type": "number"
                        },
                        "temp_max": {
                          "type": "number"
                        },
                        "pressure": {
                          "type": "integer"
                        },
                        "humidity": {
                          "type": "integer"
                        },
                        "sea_level": {
                          "type": "integer"
                        },
                        "grnd_level": {
                          "type": "integer"
                        }
                      }
                    },
                    "visibility": {
                      "type": "integer"
                    },
                    "wind": {
                      "type": "object",
                      "properties": {
                        "speed": {
                          "type": "number"
                        },
                        "deg": {
                          "type": "integer"
                        },
                        "gust": {
                          "type": "number"
                        }
                      }
                    },
                    "rain": {
                      "type": "object",
                      "properties": {
                        "1h": {
                          "type": "number"
                        }
                      }
                    },
                    "clouds": {
                      "type": "object",
                      "properties": {
                        "all": {
                          "type": "integer"
                        }
                      }
                    },
                    "dt": {
                      "type": "integer"
                    },
                    "sys": {
                      "type": "object",
                      "properties": {
                        "type": {
                          "type": "integer"
                        },
                        "id": {
                          "type": "integer"
                        },
                        "country": {
                          "type": "string"
                        },
                        "sunrise": {
                          "type": "integer"
                        },
                        "sunset": {
                          "type": "integer"
                        }
                      }
                    },
                    "timezone": {
                      "type": "integer"
                    },
                    "id": {
                      "type": "integer"
                    },
                    "name": {
                      "type": "string"
                    },
                    "cod": {
                      "type": "integer"
                    }
                  }
                }
              }
            },
            "onecall": {
              "runAfter": {
                "weatherの解析": [
                  "Succeeded"
                ]
              },
              "metadata": {
                "operationMetadataId": "846d646f-2f5c-4160-9530-71278ce30fd2"
              },
              "type": "Http",
              "inputs": {
                "method": "GET",
                "uri": "http://openweathermap.org/data/2.5/onecall?lat=@{body('weatherの解析')?['coord']?['lat']}&lon=@{body('weatherの解析')?['coord']?['lon']}&units=metric&appid=@{variables('Key')}"
              }
            },
            "JSON_の解析": {
              "runAfter": {
                "onecall": [
                  "Succeeded"
                ]
              },
              "metadata": {
                "operationMetadataId": "2f7d2080-147d-4f5f-a725-13ad2d08967d"
              },
              "type": "ParseJson",
              "inputs": {
                "content": "@body('onecall')",
                "schema": {
                  "type": "object",
                  "properties": {
                    "lat": {
                      "type": "number"
                    },
                    "lon": {
                      "type": "number"
                    },
                    "timezone": {
                      "type": "string"
                    },
                    "timezone_offset": {
                      "type": "integer"
                    },
                    "current": {
                      "type": "object",
                      "properties": {
                        "dt": {
                          "type": "integer"
                        },
                        "sunrise": {
                          "type": "integer"
                        },
                        "sunset": {
                          "type": "integer"
                        },
                        "temp": {
                          "type": "number"
                        },
                        "feels_like": {
                          "type": "number"
                        },
                        "pressure": {
                          "type": "integer"
                        },
                        "humidity": {
                          "type": "integer"
                        },
                        "dew_point": {
                          "type": "number"
                        },
                        "uvi": {
                          "type": "integer"
                        },
                        "clouds": {
                          "type": "integer"
                        },
                        "visibility": {
                          "type": "integer"
                        },
                        "wind_speed": {
                          "type": "number"
                        },
                        "wind_deg": {
                          "type": "integer"
                        },
                        "wind_gust": {
                          "type": "number"
                        },
                        "weather": {
                          "type": "array",
                          "items": {
                            "type": "object",
                            "properties": {
                              "id": {
                                "type": "integer"
                              },
                              "main": {
                                "type": "string"
                              },
                              "description": {
                                "type": "string"
                              },
                              "icon": {
                                "type": "string"
                              }
                            },
                            "required": [
                              "id",
                              "main",
                              "description",
                              "icon"
                            ]
                          }
                        },
                        "rain": {
                          "type": "object",
                          "properties": {
                            "1h": {
                              "type": "number"
                            }
                          }
                        }
                      }
                    },
                    "minutely": {
                      "type": "array",
                      "items": {
                        "type": "object",
                        "properties": {
                          "dt": {
                            "type": "integer"
                          },
                          "precipitation": {
                            "type": "number"
                          }
                        },
                        "required": [
                          "dt",
                          "precipitation"
                        ]
                      }
                    },
                    "hourly": {
                      "type": "array",
                      "items": {
                        "type": "object",
                        "properties": {
                          "dt": {
                            "type": "integer"
                          },
                          "temp": {
                            "type": "number"
                          },
                          "feels_like": {
                            "type": "number"
                          },
                          "pressure": {
                            "type": "integer"
                          },
                          "humidity": {
                            "type": "integer"
                          },
                          "dew_point": {
                            "type": "number"
                          },
                          "uvi": {
                            "type": "number"
                          },
                          "clouds": {
                            "type": "integer"
                          },
                          "visibility": {
                            "type": "integer"
                          },
                          "wind_speed": {
                            "type": "number"
                          },
                          "wind_deg": {
                            "type": "integer"
                          },
                          "wind_gust": {
                            "type": "number"
                          },
                          "weather": {
                            "type": "array",
                            "items": {
                              "type": "object",
                              "properties": {
                                "id": {
                                  "type": "integer"
                                },
                                "main": {
                                  "type": "string"
                                },
                                "description": {
                                  "type": "string"
                                },
                                "icon": {
                                  "type": "string"
                                }
                              },
                              "required": [
                                "id",
                                "main",
                                "description",
                                "icon"
                              ]
                            }
                          },
                          "pop": {
                            "type": "number"
                          },
                          "rain": {
                            "type": "object",
                            "properties": {
                              "1h": {
                                "type": "number"
                              }
                            }
                          }
                        },
                        "required": [
                          "dt",
                          "temp",
                          "feels_like",
                          "pressure",
                          "humidity",
                          "dew_point",
                          "uvi",
                          "clouds",
                          "visibility",
                          "wind_speed",
                          "wind_deg",
                          "wind_gust",
                          "weather",
                          "pop"
                        ]
                      }
                    },
                    "daily": {
                      "type": "array",
                      "items": {
                        "type": "object",
                        "properties": {
                          "dt": {
                            "type": "integer"
                          },
                          "sunrise": {
                            "type": "integer"
                          },
                          "sunset": {
                            "type": "integer"
                          },
                          "moonrise": {
                            "type": "integer"
                          },
                          "moonset": {
                            "type": "integer"
                          },
                          "moon_phase": {
                            "type": "number"
                          },
                          "temp": {
                            "type": "object",
                            "properties": {
                              "day": {
                                "type": "number"
                              },
                              "min": {
                                "type": "number"
                              },
                              "max": {
                                "type": "number"
                              },
                              "night": {
                                "type": "number"
                              },
                              "eve": {
                                "type": "number"
                              },
                              "morn": {
                                "type": "number"
                              }
                            }
                          },
                          "feels_like": {
                            "type": "object",
                            "properties": {
                              "day": {
                                "type": "number"
                              },
                              "night": {
                                "type": "number"
                              },
                              "eve": {
                                "type": "number"
                              },
                              "morn": {
                                "type": "number"
                              }
                            }
                          },
                          "pressure": {
                            "type": "integer"
                          },
                          "humidity": {
                            "type": "integer"
                          },
                          "dew_point": {
                            "type": "number"
                          },
                          "wind_speed": {
                            "type": "number"
                          },
                          "wind_deg": {
                            "type": "integer"
                          },
                          "wind_gust": {
                            "type": "number"
                          },
                          "weather": {
                            "type": "array",
                            "items": {
                              "type": "object",
                              "properties": {
                                "id": {
                                  "type": "integer"
                                },
                                "main": {
                                  "type": "string"
                                },
                                "description": {
                                  "type": "string"
                                },
                                "icon": {
                                  "type": "string"
                                }
                              },
                              "required": [
                                "id",
                                "main",
                                "description",
                                "icon"
                              ]
                            }
                          },
                          "clouds": {
                            "type": "integer"
                          },
                          "pop": {
                            "type": "number"
                          },
                          "rain": {
                            "type": "number"
                          },
                          "uvi": {
                            "type": "number"
                          }
                        },
                        "required": [
                          "dt",
                          "sunrise",
                          "sunset",
                          "moonrise",
                          "moonset",
                          "moon_phase",
                          "temp",
                          "feels_like",
                          "pressure",
                          "humidity",
                          "dew_point",
                          "wind_speed",
                          "wind_deg",
                          "wind_gust",
                          "weather",
                          "clouds",
                          "pop",
                          "uvi"
                        ]
                      }
                    }
                  }
                }
              }
            },
            "応答": {
              "runAfter": {
                "JSON_の解析": [
                  "Succeeded"
                ]
              },
              "metadata": {
                "operationMetadataId": "0ab5d1c0-c9e3-4168-bf5b-79024bf3ae15"
              },
              "type": "Response",
              "kind": "Http",
              "inputs": {
                "statusCode": 200,
                "body": {
                  "weather": "@body('weather')",
                  "onecall": "@body('onecall')"
                },
                "schema": {
                  "type": "object",
                  "properties": {
                    "weather": {
                      "type": "object",
                      "properties": {
                        "coord": {
                          "type": "object",
                          "properties": {
                            "lon": {
                              "type": "number"
                            },
                            "lat": {
                              "type": "number"
                            }
                          }
                        },
                        "weather": {
                          "type": "array",
                          "items": {
                            "type": "object",
                            "properties": {
                              "id": {
                                "type": "integer"
                              },
                              "main": {
                                "type": "string"
                              },
                              "description": {
                                "type": "string"
                              },
                              "icon": {
                                "type": "string"
                              }
                            },
                            "required": [
                              "id",
                              "main",
                              "description",
                              "icon"
                            ]
                          }
                        },
                        "base": {
                          "type": "string"
                        },
                        "main": {
                          "type": "object",
                          "properties": {
                            "temp": {
                              "type": "number"
                            },
                            "feels_like": {
                              "type": "number"
                            },
                            "temp_min": {
                              "type": "number"
                            },
                            "temp_max": {
                              "type": "number"
                            },
                            "pressure": {
                              "type": "integer"
                            },
                            "humidity": {
                              "type": "integer"
                            },
                            "sea_level": {
                              "type": "integer"
                            },
                            "grnd_level": {
                              "type": "integer"
                            }
                          }
                        },
                        "visibility": {
                          "type": "integer"
                        },
                        "wind": {
                          "type": "object",
                          "properties": {
                            "speed": {
                              "type": "number"
                            },
                            "deg": {
                              "type": "integer"
                            },
                            "gust": {
                              "type": "number"
                            }
                          }
                        },
                        "rain": {
                          "type": "object",
                          "properties": {
                            "1h": {
                              "type": "number"
                            }
                          }
                        },
                        "clouds": {
                          "type": "object",
                          "properties": {
                            "all": {
                              "type": "integer"
                            }
                          }
                        },
                        "dt": {
                          "type": "integer"
                        },
                        "sys": {
                          "type": "object",
                          "properties": {
                            "type": {
                              "type": "integer"
                            },
                            "id": {
                              "type": "integer"
                            },
                            "country": {
                              "type": "string"
                            },
                            "sunrise": {
                              "type": "integer"
                            },
                            "sunset": {
                              "type": "integer"
                            }
                          }
                        },
                        "timezone": {
                          "type": "integer"
                        },
                        "id": {
                          "type": "integer"
                        },
                        "name": {
                          "type": "string"
                        },
                        "cod": {
                          "type": "integer"
                        }
                      }
                    },
                    "onecall": {
                      "type": "object",
                      "properties": {
                        "lat": {
                          "type": "number"
                        },
                        "lon": {
                          "type": "number"
                        },
                        "timezone": {
                          "type": "string"
                        },
                        "timezone_offset": {
                          "type": "integer"
                        },
                        "current": {
                          "type": "object",
                          "properties": {
                            "dt": {
                              "type": "integer"
                            },
                            "sunrise": {
                              "type": "integer"
                            },
                            "sunset": {
                              "type": "integer"
                            },
                            "temp": {
                              "type": "number"
                            },
                            "feels_like": {
                              "type": "number"
                            },
                            "pressure": {
                              "type": "integer"
                            },
                            "humidity": {
                              "type": "integer"
                            },
                            "dew_point": {
                              "type": "number"
                            },
                            "uvi": {
                              "type": "integer"
                            },
                            "clouds": {
                              "type": "integer"
                            },
                            "visibility": {
                              "type": "integer"
                            },
                            "wind_speed": {
                              "type": "number"
                            },
                            "wind_deg": {
                              "type": "integer"
                            },
                            "wind_gust": {
                              "type": "number"
                            },
                            "weather": {
                              "type": "array",
                              "items": {
                                "type": "object",
                                "properties": {
                                  "id": {
                                    "type": "integer"
                                  },
                                  "main": {
                                    "type": "string"
                                  },
                                  "description": {
                                    "type": "string"
                                  },
                                  "icon": {
                                    "type": "string"
                                  }
                                },
                                "required": [
                                  "id",
                                  "main",
                                  "description",
                                  "icon"
                                ]
                              }
                            },
                            "rain": {
                              "type": "object",
                              "properties": {
                                "1h": {
                                  "type": "number"
                                }
                              }
                            }
                          }
                        },
                        "minutely": {
                          "type": "array",
                          "items": {
                            "type": "object",
                            "properties": {
                              "dt": {
                                "type": "integer"
                              },
                              "precipitation": {
                                "type": "number"
                              }
                            },
                            "required": [
                              "dt",
                              "precipitation"
                            ]
                          }
                        },
                        "hourly": {
                          "type": "array",
                          "items": {
                            "type": "object",
                            "properties": {
                              "dt": {
                                "type": "integer"
                              },
                              "temp": {
                                "type": "number"
                              },
                              "feels_like": {
                                "type": "number"
                              },
                              "pressure": {
                                "type": "integer"
                              },
                              "humidity": {
                                "type": "integer"
                              },
                              "dew_point": {
                                "type": "number"
                              },
                              "uvi": {
                                "type": "number"
                              },
                              "clouds": {
                                "type": "integer"
                              },
                              "visibility": {
                                "type": "integer"
                              },
                              "wind_speed": {
                                "type": "number"
                              },
                              "wind_deg": {
                                "type": "integer"
                              },
                              "wind_gust": {
                                "type": "number"
                              },
                              "weather": {
                                "type": "array",
                                "items": {
                                  "type": "object",
                                  "properties": {
                                    "id": {
                                      "type": "integer"
                                    },
                                    "main": {
                                      "type": "string"
                                    },
                                    "description": {
                                      "type": "string"
                                    },
                                    "icon": {
                                      "type": "string"
                                    }
                                  },
                                  "required": [
                                    "id",
                                    "main",
                                    "description",
                                    "icon"
                                  ]
                                }
                              },
                              "pop": {
                                "type": "number"
                              },
                              "rain": {
                                "type": "object",
                                "properties": {
                                  "1h": {
                                    "type": "number"
                                  }
                                }
                              }
                            },
                            "required": [
                              "dt",
                              "temp",
                              "feels_like",
                              "pressure",
                              "humidity",
                              "dew_point",
                              "uvi",
                              "clouds",
                              "visibility",
                              "wind_speed",
                              "wind_deg",
                              "wind_gust",
                              "weather",
                              "pop",
                              "rain"
                            ]
                          }
                        }
                      }
                    }
                  }
                }
              }
            }
          },
          "runAfter": {
            "変数Keyを初期化する": [
              "Succeeded"
            ]
          },
          "expression": {
            "and": [
              {
                "not": {
                  "equals": [
                    "@variables('Key')",
                    ""
                  ]
                }
              },
              {
                "not": {
                  "equals": [
                    "@variables('CityID')",
                    ""
                  ]
                }
              }
            ]
          },
          "metadata": {
            "operationMetadataId": "aae2dc0d-9754-46d1-8ca5-703e854119ea"
          },
          "type": "If"
        },
        "変数CityIDを初期化する": {
          "runAfter": {},
          "metadata": {
            "operationMetadataId": "f490d0dc-a7c6-4605-a50d-e59004539747"
          },
          "type": "InitializeVariable",
          "inputs": {
            "variables": [
              {
                "name": "CityID",
                "type": "string",
                "value": "@triggerBody()['text']"
              }
            ]
          }
        }
      }
    },
    "templateName": ""
  },
  "schemaVersion": "1.0.0.0"
}