{
  "properties": {
    "connectionReferences": {},
    "definition": {
      "$schema": "https://schema.management.azure.com/providers/Microsoft.Logic/schemas/2016-06-01/workflowdefinition.json#",
      "contentVersion": "1.0.0.0",
      "parameters": {
        "$authentication": {
          "defaultValue": {},
          "type": "SecureObject"
        }
      },
      "triggers": {
        "manual": {
          "metadata": {
            "operationMetadataId": "91a4c1f6-1525-4cec-87ea-ec7841e6de24"
          },
          "type": "Request",
          "kind": "PowerAppV2",
          "inputs": {
            "schema": {
              "type": "object",
              "properties": {},
              "required": []
            }
          }
        }
      },
      "actions": {
        "変数を初期化する": {
          "runAfter": {},
          "metadata": {
            "operationMetadataId": "0fa4c7b0-d4ae-401f-ae42-bd3b67c0047d"
          },
          "type": "InitializeVariable",
          "inputs": {
            "variables": [
              {
                "name": "Result",
                "type": "string",
                "value": "{\n    \"forecast-days-weather\": [\n        {\n            \"icon\": \"01\",\n            \"url\": \"https://static.tenki.jp/images/icon/forecast-days-weather/01.gif\",\n            \"title\": \"晴れ（昼間）\"\n        },\n        {\n            \"icon\": \"02\",\n            \"url\": \"https://static.tenki.jp/images/icon/forecast-days-weather/02.gif\",\n            \"title\": \"晴時々曇り\"\n        },\n        {\n            \"icon\": \"03\",\n            \"url\": \"https://static.tenki.jp/images/icon/forecast-days-weather/03.gif\",\n            \"title\": \"晴時々雨\"\n        },\n        {\n            \"icon\": \"04\",\n            \"url\": \"https://static.tenki.jp/images/icon/forecast-days-weather/04.gif\",\n            \"title\": \"晴時々雪\"\n        },\n        {\n            \"icon\": \"05\",\n            \"url\": \"https://static.tenki.jp/images/icon/forecast-days-weather/05.gif\",\n            \"title\": \"晴後曇り\"\n        },\n        {\n            \"icon\": \"06\",\n            \"url\": \"https://static.tenki.jp/images/icon/forecast-days-weather/06.gif\",\n            \"title\": \"晴後雨\"\n        },\n        {\n            \"icon\": \"07\",\n            \"url\": \"https://static.tenki.jp/images/icon/forecast-days-weather/07.gif\",\n            \"title\": \"晴後雪\"\n        },\n        {\n            \"icon\": \"08\",\n            \"url\": \"https://static.tenki.jp/images/icon/forecast-days-weather/08.gif\",\n            \"title\": \"曇り\"\n        },\n        {\n            \"icon\": \"09\",\n            \"url\": \"https://static.tenki.jp/images/icon/forecast-days-weather/09.gif\",\n            \"title\": \"曇り時々晴\"\n        },\n        {\n            \"icon\": \"10\",\n            \"url\": \"https://static.tenki.jp/images/icon/forecast-days-weather/10.gif\",\n            \"title\": \"曇り時々雨\"\n        },\n        {\n            \"icon\": \"11\",\n            \"url\": \"https://static.tenki.jp/images/icon/forecast-days-weather/11.gif\",\n            \"title\": \"曇り時々雪\"\n        },\n        {\n            \"icon\": \"12\",\n            \"url\": \"https://static.tenki.jp/images/icon/forecast-days-weather/12.gif\",\n            \"title\": \"曇り後晴\"\n        },\n        {\n            \"icon\": \"13\",\n            \"url\": \"https://static.tenki.jp/images/icon/forecast-days-weather/13.gif\",\n            \"title\": \"曇り後雨\"\n        },\n        {\n            \"icon\": \"14\",\n            \"url\": \"https://static.tenki.jp/images/icon/forecast-days-weather/14.gif\",\n            \"title\": \"曇り後雪\"\n        },\n        {\n            \"icon\": \"15\",\n            \"url\": \"https://static.tenki.jp/images/icon/forecast-days-weather/15.gif\",\n            \"title\": \"雨\"\n        },\n        {\n            \"icon\": \"16\",\n            \"url\": \"https://static.tenki.jp/images/icon/forecast-days-weather/16.gif\",\n            \"title\": \"雨時々晴\"\n        },\n        {\n            \"icon\": \"17\",\n            \"url\": \"https://static.tenki.jp/images/icon/forecast-days-weather/17.gif\",\n            \"title\": \"雨時々曇り\"\n        },\n        {\n            \"icon\": \"18\",\n            \"url\": \"https://static.tenki.jp/images/icon/forecast-days-weather/18.gif\",\n            \"title\": \"雨時々雪\"\n        },\n        {\n            \"icon\": \"19\",\n            \"url\": \"https://static.tenki.jp/images/icon/forecast-days-weather/19.gif\",\n            \"title\": \"雨後晴\"\n        },\n        {\n            \"icon\": \"20\",\n            \"url\": \"https://static.tenki.jp/images/icon/forecast-days-weather/20.gif\",\n            \"title\": \"雨後曇り\"\n        },\n        {\n            \"icon\": \"21\",\n            \"url\": \"https://static.tenki.jp/images/icon/forecast-days-weather/21.gif\",\n            \"title\": \"雨後雪\"\n        },\n        {\n            \"icon\": \"22\",\n            \"url\": \"https://static.tenki.jp/images/icon/forecast-days-weather/22.gif\",\n            \"title\": \"暴風雨\"\n        },\n        {\n            \"icon\": \"23\",\n            \"url\": \"https://static.tenki.jp/images/icon/forecast-days-weather/23.gif\",\n            \"title\": \"雪\"\n        },\n        {\n            \"icon\": \"24\",\n            \"url\": \"https://static.tenki.jp/images/icon/forecast-days-weather/24.gif\",\n            \"title\": \"雪時々晴\"\n        },\n        {\n            \"icon\": \"25\",\n            \"url\": \"https://static.tenki.jp/images/icon/forecast-days-weather/25.gif\",\n            \"title\": \"雪時々曇り\"\n        },\n        {\n            \"icon\": \"26\",\n            \"url\": \"https://static.tenki.jp/images/icon/forecast-days-weather/26.gif\",\n            \"title\": \"雪時々雨\"\n        },\n        {\n            \"icon\": \"27\",\n            \"url\": \"https://static.tenki.jp/images/icon/forecast-days-weather/27.gif\",\n            \"title\": \"雪後晴\"\n        },\n        {\n            \"icon\": \"28\",\n            \"url\": \"https://static.tenki.jp/images/icon/forecast-days-weather/28.gif\",\n            \"title\": \"雪後曇り\"\n        },\n        {\n            \"icon\": \"29\",\n            \"url\": \"https://static.tenki.jp/images/icon/forecast-days-weather/29.gif\",\n            \"title\": \"雪後雨\"\n        },\n        {\n            \"icon\": \"30\",\n            \"url\": \"https://static.tenki.jp/images/icon/forecast-days-weather/30.gif\",\n            \"title\": \"暴風雪\"\n        },\n        {\n            \"icon\": \"31\",\n            \"url\": \"https://static.tenki.jp/images/icon/forecast-days-weather/31.gif\",\n            \"title\": \"\"\n        },\n        {\n            \"icon\": \"32\",\n            \"url\": \"https://static.tenki.jp/images/icon/forecast-days-weather/32.gif\",\n            \"title\": \"\"\n        },\n        {\n            \"icon\": \"33\",\n            \"url\": \"https://static.tenki.jp/images/icon/forecast-days-weather/33.gif\",\n            \"title\": \"\"\n        },\n        {\n            \"icon\": \"34\",\n            \"url\": \"https://static.tenki.jp/images/icon/forecast-days-weather/34.gif\",\n            \"title\": \"\"\n        },\n        {\n            \"icon\": \"35\",\n            \"url\": \"https://static.tenki.jp/images/icon/forecast-days-weather/35.gif\",\n            \"title\": \"\"\n        },\n        {\n            \"icon\": \"36\",\n            \"url\": \"https://static.tenki.jp/images/icon/forecast-days-weather/36.gif\",\n            \"title\": \"\"\n        },\n        {\n            \"icon\": \"37\",\n            \"url\": \"https://static.tenki.jp/images/icon/forecast-days-weather/37.gif\",\n            \"title\": \"\"\n        },\n        {\n            \"icon\": \"38\",\n            \"url\": \"https://static.tenki.jp/images/icon/forecast-days-weather/38.gif\",\n            \"title\": \"\"\n        },\n        {\n            \"icon\": \"39\",\n            \"url\": \"https://static.tenki.jp/images/icon/forecast-days-weather/39.gif\",\n            \"title\": \"\"\n        },\n        {\n            \"icon\": \"40\",\n            \"url\": \"https://static.tenki.jp/images/icon/forecast-days-weather/40.gif\",\n            \"title\": \"\"\n        },\n        {\n            \"icon\": \"41\",\n            \"url\": \"https://static.tenki.jp/images/icon/forecast-days-weather/41.gif\",\n            \"title\": \"\"\n        },\n        {\n            \"icon\": \"42\",\n            \"url\": \"https://static.tenki.jp/images/icon/forecast-days-weather/42.gif\",\n            \"title\": \"\"\n        },\n        {\n            \"icon\": \"43\",\n            \"url\": \"https://static.tenki.jp/images/icon/forecast-days-weather/43.gif\",\n            \"title\": \"\"\n        },\n        {\n            \"icon\": \"44\",\n            \"url\": \"https://static.tenki.jp/images/icon/forecast-days-weather/44.gif\",\n            \"title\": \"\"\n        },\n        {\n            \"icon\": \"01_n\",\n            \"url\": \"https://static.tenki.jp/images/icon/forecast-days-weather/01_n.gif\",\n            \"title\": \"晴れ（夜間）\"\n        },\n        {\n            \"icon\": \"02_n\",\n            \"url\": \"https://static.tenki.jp/images/icon/forecast-days-weather/02_n.gif\",\n            \"title\": \"晴時々曇り\"\n        },\n        {\n            \"icon\": \"03_n\",\n            \"url\": \"https://static.tenki.jp/images/icon/forecast-days-weather/03_n.gif\",\n            \"title\": \"晴時々雨\"\n        },\n        {\n            \"icon\": \"04_n\",\n            \"url\": \"https://static.tenki.jp/images/icon/forecast-days-weather/04_n.gif\",\n            \"title\": \"晴時々雪\"\n        },\n        {\n            \"icon\": \"05_n\",\n            \"url\": \"https://static.tenki.jp/images/icon/forecast-days-weather/05_n.gif\",\n            \"title\": \"晴後曇り\"\n        },\n        {\n            \"icon\": \"06_n\",\n            \"url\": \"https://static.tenki.jp/images/icon/forecast-days-weather/06_n.gif\",\n            \"title\": \"晴後雨\"\n        },\n        {\n            \"icon\": \"07_n\",\n            \"url\": \"https://static.tenki.jp/images/icon/forecast-days-weather/07_n.gif\",\n            \"title\": \"晴後雪\"\n        },\n        {\n            \"icon\": \"08_n\",\n            \"url\": \"https://static.tenki.jp/images/icon/forecast-days-weather/08_n.gif\",\n            \"title\": \"曇り\"\n        },\n        {\n            \"icon\": \"09_n\",\n            \"url\": \"https://static.tenki.jp/images/icon/forecast-days-weather/09_n.gif\",\n            \"title\": \"曇り時々晴\"\n        },\n        {\n            \"icon\": \"10_n\",\n            \"url\": \"https://static.tenki.jp/images/icon/forecast-days-weather/10_n.gif\",\n            \"title\": \"曇り時々雨\"\n        },\n        {\n            \"icon\": \"11_n\",\n            \"url\": \"https://static.tenki.jp/images/icon/forecast-days-weather/11_n.gif\",\n            \"title\": \"曇り時々雪\"\n        },\n        {\n            \"icon\": \"12_n\",\n            \"url\": \"https://static.tenki.jp/images/icon/forecast-days-weather/12_n.gif\",\n            \"title\": \"曇り後晴\"\n        },\n        {\n            \"icon\": \"13_n\",\n            \"url\": \"https://static.tenki.jp/images/icon/forecast-days-weather/13_n.gif\",\n            \"title\": \"曇り後雨\"\n        },\n        {\n            \"icon\": \"14_n\",\n            \"url\": \"https://static.tenki.jp/images/icon/forecast-days-weather/14_n.gif\",\n            \"title\": \"曇り後雪\"\n        },\n        {\n            \"icon\": \"15_n\",\n            \"url\": \"https://static.tenki.jp/images/icon/forecast-days-weather/15_n.gif\",\n            \"title\": \"雨\"\n        },\n        {\n            \"icon\": \"16_n\",\n            \"url\": \"https://static.tenki.jp/images/icon/forecast-days-weather/16_n.gif\",\n            \"title\": \"雨時々晴\"\n        },\n        {\n            \"icon\": \"17_n\",\n            \"url\": \"https://static.tenki.jp/images/icon/forecast-days-weather/17_n.gif\",\n            \"title\": \"雨時々曇り\"\n        },\n        {\n            \"icon\": \"18_n\",\n            \"url\": \"https://static.tenki.jp/images/icon/forecast-days-weather/18_n.gif\",\n            \"title\": \"雨時々雪\"\n        },\n        {\n            \"icon\": \"19_n\",\n            \"url\": \"https://static.tenki.jp/images/icon/forecast-days-weather/19_n.gif\",\n            \"title\": \"雨後晴\"\n        },\n        {\n            \"icon\": \"20_n\",\n            \"url\": \"https://static.tenki.jp/images/icon/forecast-days-weather/20_n.gif\",\n            \"title\": \"雨後曇り\"\n        },\n        {\n            \"icon\": \"21_n\",\n            \"url\": \"https://static.tenki.jp/images/icon/forecast-days-weather/21_n.gif\",\n            \"title\": \"雨後雪\"\n        },\n        {\n            \"icon\": \"22_n\",\n            \"url\": \"https://static.tenki.jp/images/icon/forecast-days-weather/22_n.gif\",\n            \"title\": \"暴風雨\"\n        },\n        {\n            \"icon\": \"23_n\",\n            \"url\": \"https://static.tenki.jp/images/icon/forecast-days-weather/23_n.gif\",\n            \"title\": \"雪\"\n        },\n        {\n            \"icon\": \"24_n\",\n            \"url\": \"https://static.tenki.jp/images/icon/forecast-days-weather/24_n.gif\",\n            \"title\": \"雪時々晴\"\n        },\n        {\n            \"icon\": \"25_n\",\n            \"url\": \"https://static.tenki.jp/images/icon/forecast-days-weather/25_n.gif\",\n            \"title\": \"雪時々曇り\"\n        },\n        {\n            \"icon\": \"26_n\",\n            \"url\": \"https://static.tenki.jp/images/icon/forecast-days-weather/26_n.gif\",\n            \"title\": \"雪時々雨\"\n        },\n        {\n            \"icon\": \"27_n\",\n            \"url\": \"https://static.tenki.jp/images/icon/forecast-days-weather/27_n.gif\",\n            \"title\": \"雪後晴\"\n        },\n        {\n            \"icon\": \"28_n\",\n            \"url\": \"https://static.tenki.jp/images/icon/forecast-days-weather/28_n.gif\",\n            \"title\": \"雪後曇り\"\n        },\n        {\n            \"icon\": \"29_n\",\n            \"url\": \"https://static.tenki.jp/images/icon/forecast-days-weather/29_n.gif\",\n            \"title\": \"雪後雨\"\n        },\n        {\n            \"icon\": \"30_n\",\n            \"url\": \"https://static.tenki.jp/images/icon/forecast-days-weather/30_n.gif\",\n            \"title\": \"暴風雪\"\n        },\n        {\n            \"icon\": \"31_n\",\n            \"url\": \"https://static.tenki.jp/images/icon/forecast-days-weather/31_n.gif\",\n            \"title\": \"\"\n        },\n        {\n            \"icon\": \"32_n\",\n            \"url\": \"https://static.tenki.jp/images/icon/forecast-days-weather/32_n.gif\",\n            \"title\": \"\"\n        },\n        {\n            \"icon\": \"33_n\",\n            \"url\": \"https://static.tenki.jp/images/icon/forecast-days-weather/33_n.gif\",\n            \"title\": \"\"\n        },\n        {\n            \"icon\": \"34_n\",\n            \"url\": \"https://static.tenki.jp/images/icon/forecast-days-weather/34_n.gif\",\n            \"title\": \"\"\n        },\n        {\n            \"icon\": \"35_n\",\n            \"url\": \"https://static.tenki.jp/images/icon/forecast-days-weather/35_n.gif\",\n            \"title\": \"\"\n        },\n        {\n            \"icon\": \"36_n\",\n            \"url\": \"https://static.tenki.jp/images/icon/forecast-days-weather/36_n.gif\",\n            \"title\": \"\"\n        },\n        {\n            \"icon\": \"37_n\",\n            \"url\": \"https://static.tenki.jp/images/icon/forecast-days-weather/37_n.gif\",\n            \"title\": \"\"\n        },\n        {\n            \"icon\": \"38_n\",\n            \"url\": \"https://static.tenki.jp/images/icon/forecast-days-weather/38_n.gif\",\n            \"title\": \"\"\n        },\n        {\n            \"icon\": \"39_n\",\n            \"url\": \"https://static.tenki.jp/images/icon/forecast-days-weather/39_n.gif\",\n            \"title\": \"\"\n        },\n        {\n            \"icon\": \"40_n\",\n            \"url\": \"https://static.tenki.jp/images/icon/forecast-days-weather/40_n.gif\",\n            \"title\": \"\"\n        },\n        {\n            \"icon\": \"41_n\",\n            \"url\": \"https://static.tenki.jp/images/icon/forecast-days-weather/41_n.gif\",\n            \"title\": \"\"\n        },\n        {\n            \"icon\": \"42_n\",\n            \"url\": \"https://static.tenki.jp/images/icon/forecast-days-weather/42_n.gif\",\n            \"title\": \"\"\n        },\n        {\n            \"icon\": \"43_n\",\n            \"url\": \"https://static.tenki.jp/images/icon/forecast-days-weather/43_n.gif\",\n            \"title\": \"\"\n        },\n        {\n            \"icon\": \"44_n\",\n            \"url\": \"https://static.tenki.jp/images/icon/forecast-days-weather/44_n.gif\",\n            \"title\": \"\"\n        }\n    ],\n    \"forecast-point-weather\": [\n        {\n            \"icon\": \"01\",\n            \"url\": \"https://static.tenki.jp/images/icon/forecast-point-weather/01.gif\",\n            \"title\": \"晴れ（昼間）\"\n        },\n        {\n            \"icon\": \"02\",\n            \"url\": \"https://static.tenki.jp/images/icon/forecast-point-weather/02.gif\",\n            \"title\": \"曇り\"\n        },\n        {\n            \"icon\": \"03\",\n            \"url\": \"https://static.tenki.jp/images/icon/forecast-point-weather/03.gif\",\n            \"title\": \"\"\n        },\n        {\n            \"icon\": \"04\",\n            \"url\": \"https://static.tenki.jp/images/icon/forecast-point-weather/04.gif\",\n            \"title\": \"\"\n        },\n        {\n            \"icon\": \"05\",\n            \"url\": \"https://static.tenki.jp/images/icon/forecast-point-weather/05.gif\",\n            \"title\": \"乾雪\"\n        },\n        {\n            \"icon\": \"06\",\n            \"url\": \"https://static.tenki.jp/images/icon/forecast-point-weather/06.gif\",\n            \"title\": \"湿雪\"\n        },\n        {\n            \"icon\": \"07\",\n            \"url\": \"https://static.tenki.jp/images/icon/forecast-point-weather/07.gif\",\n            \"title\": \"みぞれ\"\n        },\n        {\n            \"icon\": \"08\",\n            \"url\": \"https://static.tenki.jp/images/icon/forecast-point-weather/08.gif\",\n            \"title\": \"不明\"\n        },\n        {\n            \"icon\": \"09\",\n            \"url\": \"https://static.tenki.jp/images/icon/forecast-point-weather/09.gif\",\n            \"title\": \"小雨\"\n        },\n        {\n            \"icon\": \"10\",\n            \"url\": \"https://static.tenki.jp/images/icon/forecast-point-weather/10.gif\",\n            \"title\": \"弱雨\"\n        },\n        {\n            \"icon\": \"11\",\n            \"url\": \"https://static.tenki.jp/images/icon/forecast-point-weather/11.gif\",\n            \"title\": \"雨\"\n        },\n        {\n            \"icon\": \"12\",\n            \"url\": \"https://static.tenki.jp/images/icon/forecast-point-weather/12.gif\",\n            \"title\": \"強雨\"\n        },\n        {\n            \"icon\": \"13\",\n            \"url\": \"https://static.tenki.jp/images/icon/forecast-point-weather/13.gif\",\n            \"title\": \"豪雨\"\n        },\n        {\n            \"icon\": \"01_n\",\n            \"url\": \"https://static.tenki.jp/images/icon/forecast-point-weather/01_n.gif\",\n            \"title\": \"晴れ（夜間）\"\n        },\n        {\n            \"icon\": \"02_n\",\n            \"url\": \"https://static.tenki.jp/images/icon/forecast-point-weather/02_n.gif\",\n            \"title\": \"曇り\"\n        },\n        {\n            \"icon\": \"03_n\",\n            \"url\": \"https://static.tenki.jp/images/icon/forecast-point-weather/03_n.gif\",\n            \"title\": \"\"\n        },\n        {\n            \"icon\": \"04_n\",\n            \"url\": \"https://static.tenki.jp/images/icon/forecast-point-weather/04_n.gif\",\n            \"title\": \"\"\n        },\n        {\n            \"icon\": \"05_n\",\n            \"url\": \"https://static.tenki.jp/images/icon/forecast-point-weather/05_n.gif\",\n            \"title\": \"乾雪\"\n        },\n        {\n            \"icon\": \"06_n\",\n            \"url\": \"https://static.tenki.jp/images/icon/forecast-point-weather/06_n.gif\",\n            \"title\": \"湿雪\"\n        },\n        {\n            \"icon\": \"07_n\",\n            \"url\": \"https://static.tenki.jp/images/icon/forecast-point-weather/07_n.gif\",\n            \"title\": \"みぞれ\"\n        },\n        {\n            \"icon\": \"08_n\",\n            \"url\": \"https://static.tenki.jp/images/icon/forecast-point-weather/08_n.gif\",\n            \"title\": \"不明\"\n        },\n        {\n            \"icon\": \"09_n\",\n            \"url\": \"https://static.tenki.jp/images/icon/forecast-point-weather/09_n.gif\",\n            \"title\": \"小雨\"\n        },\n        {\n            \"icon\": \"10_n\",\n            \"url\": \"https://static.tenki.jp/images/icon/forecast-point-weather/10_n.gif\",\n            \"title\": \"弱雨\"\n        },\n        {\n            \"icon\": \"11_n\",\n            \"url\": \"https://static.tenki.jp/images/icon/forecast-point-weather/11_n.gif\",\n            \"title\": \"雨\"\n        },\n        {\n            \"icon\": \"12_n\",\n            \"url\": \"https://static.tenki.jp/images/icon/forecast-point-weather/12_n.gif\",\n            \"title\": \"強雨\"\n        },\n        {\n            \"icon\": \"13_n\",\n            \"url\": \"https://static.tenki.jp/images/icon/forecast-point-weather/13_n.gif\",\n            \"title\": \"豪雨\"\n        }\n    ]\n}"
              }
            ]
          }
        },
        "応答": {
          "runAfter": {
            "変数を初期化する": [
              "Succeeded"
            ]
          },
          "metadata": {
            "operationMetadataId": "ae70a3c0-953f-4e01-bcbf-21d73327185f"
          },
          "type": "Response",
          "kind": "Http",
          "inputs": {
            "statusCode": 200,
            "body": "@variables('Result')",
            "schema": {
              "type": "object",
              "properties": {
                "forecast-days-weather": {
                  "type": "array",
                  "items": {
                    "type": "object",
                    "properties": {
                      "icon": {
                        "type": "string"
                      },
                      "url": {
                        "type": "string"
                      },
                      "title": {
                        "type": "string"
                      }
                    },
                    "required": [
                      "icon",
                      "url",
                      "title"
                    ]
                  }
                },
                "forecast-point-weather": {
                  "type": "array",
                  "items": {
                    "type": "object",
                    "properties": {
                      "icon": {
                        "type": "string"
                      },
                      "url": {
                        "type": "string"
                      },
                      "title": {
                        "type": "string"
                      }
                    },
                    "required": [
                      "icon",
                      "url",
                      "title"
                    ]
                  }
                }
              }
            }
          }
        }
      }
    },
    "templateName": ""
  },
  "schemaVersion": "1.0.0.0"
}