{
  "properties": {
    "connectionReferences": {},
    "definition": {
      "$schema": "https://schema.management.azure.com/providers/Microsoft.Logic/schemas/2016-06-01/workflowdefinition.json#",
      "contentVersion": "1.0.0.0",
      "parameters": {
        "$authentication": {
          "defaultValue": {},
          "type": "SecureObject"
        }
      },
      "triggers": {
        "manual": {
          "metadata": {
            "operationMetadataId": "04a4c648-9252-4337-8e09-bc2cfb164dbf"
          },
          "type": "Request",
          "kind": "PowerAppV2",
          "inputs": {
            "schema": {
              "type": "object",
              "properties": {
                "text": {
                  "title": "Pref",
                  "type": "string",
                  "x-ms-dynamically-added": true,
                  "description": "都道府県を指定してください",
                  "x-ms-content-hint": "TEXT"
                },
                "text_1": {
                  "title": "City",
                  "type": "string",
                  "x-ms-dynamically-added": true,
                  "description": "市区町村を指定してください",
                  "x-ms-content-hint": "TEXT"
                }
              },
              "required": [
                "text",
                "text_1"
              ]
            }
          }
        }
      },
      "actions": {
        "HTTP": {
          "runAfter": {},
          "metadata": {
            "operationMetadataId": "dae60b4d-b1be-43fa-aef4-b373476069f4"
          },
          "type": "Http",
          "inputs": {
            "method": "GET",
            "uri": "https://weathernews.jp/onebox/tenki/@{triggerBody()['text']}/@{triggerBody()['text_1']}/"
          }
        },
        "PowerApp_または_Flow_に応答する": {
          "runAfter": {
            "HTTP": [
              "Succeeded"
            ]
          },
          "metadata": {
            "operationMetadataId": "3ed8eb81-5c7b-424d-ac74-043f9893a97d"
          },
          "type": "Response",
          "kind": "PowerApp",
          "inputs": {
            "statusCode": 200,
            "body": {
              "result": "@{body('HTTP')}"
            },
            "schema": {
              "type": "object",
              "properties": {
                "result": {
                  "title": "Result",
                  "x-ms-dynamically-added": true,
                  "type": "string"
                }
              }
            }
          }
        }
      }
    },
    "templateName": ""
  },
  "schemaVersion": "1.0.0.0"
}